{"cameraMode":{"drawMode":0,"name":"Shaded","section":"Shading Mode"},"sceneLighting":true,"audioPlay":false,"sceneViewState":{"m_AlwaysRefresh":false,"showFog":true,"showSkybox":true,"showFlares":true,"showImageEffects":true,"showParticleSystems":true,"showVisualEffectGraphs":true,"m_FxEnabled":true},"in2DMode":false,"pivot":{"x":-4.017876148223877,"y":0.21845030784606934,"z":-4.358392715454102},"rotation":{"x":-0.07451841980218888,"y":-0.8675363659858704,"z":0.13670578598976136,"w":-0.4726691246032715},"size":3.0577404499053957,"orthographic":false}